{
  "cacheBootResources": true,
  "config": [ ],
  "debugBuild": false,
  "entryAssembly": "BlazorApp",
  "linkerEnabled": true,
  "resources": {
    "assembly": {
      "BlazorApp.dll": "sha256-trVojmcUh\/ySC6ApKoQReyV4lDs4W88PrsYzdAIY5No=",
      "GoogleMapsComponents.dll": "sha256-EI3dzqQq0XzNYHd\/I+E9nPPOVrtsUZe+HEuLLEQ2\/CI=",
      "Microsoft.AspNetCore.Components.dll": "sha256-08WqSLLf8D3WYOATb52WZaS5i8dESIoXCwnJcbEsG6Y=",
      "Microsoft.AspNetCore.Components.Web.dll": "sha256-95FG79SJK90xLRpy3+iF4zAFBU7EorVk+5ggCUC68DY=",
      "Microsoft.AspNetCore.Components.WebAssembly.dll": "sha256-fOQKcwoh1xd6gwBeeFx9cr2gs87elhVyN9kFTgHZP+g=",
      "Microsoft.Bcl.AsyncInterfaces.dll": "sha256-jzHgXWAvWMkKIGFjZoT84tbe72E+H7CvTr\/Dryh4QPs=",
      "Microsoft.Extensions.Configuration.Abstractions.dll": "sha256-NJZnnnsIT+350Q3Iys\/Ph6Whza9JJYr5o+y7XPZn6CQ=",
      "Microsoft.Extensions.Configuration.dll": "sha256-6Nc\/9\/t3vDW0JLcVtECBeDpPrAZJgr01MB2eX0Z0R2E=",
      "Microsoft.Extensions.Configuration.Json.dll": "sha256-dAX\/r4KftmSbkix\/6cabRkXqF3d1uNgpUioRtu6x67s=",
      "Microsoft.Extensions.DependencyInjection.Abstractions.dll": "sha256-kFmL+GxKBdP7dWqcabfhPsCJijM\/ek8SEAcCygnU0kw=",
      "Microsoft.Extensions.DependencyInjection.dll": "sha256-XltiuocBiJ+Y+8d2zOyok+rcsd4IaWEMxqETe57suqg=",
      "Microsoft.Extensions.Logging.Abstractions.dll": "sha256-Q9ajQWCYuvdAGyTCcS0JXUfXW+c5IRWQWbuvHrrsyns=",
      "Microsoft.Extensions.Logging.dll": "sha256-ihDTJ8pW4iaoQfzrwtNjQh3kdDmDS3qSHg3XMucV1KY=",
      "Microsoft.Extensions.Options.dll": "sha256-s\/R6S1\/\/wrEbxPAnKapv1c+uJIGtf+fphsUZNFgkNhc=",
      "Microsoft.Extensions.Primitives.dll": "sha256-LXe9c3YS6xJEWtYnBJHVrP\/rvDej1KhyhjSJeLRB+vU=",
      "Microsoft.JSInterop.dll": "sha256-GFqkJmxwbf7WMrZ+MCRzaOADzSsVQ9tcMrMt19fsEeo=",
      "Microsoft.JSInterop.WebAssembly.dll": "sha256-UZa5CS19ZrbM6Csnl8CUIQucvmKMc4TughggTxKhx\/I=",
      "Mono.Security.dll": "sha256-X2UCRuv\/tk\/4Ru8eEoxfmpk2ukzL5EkIk9el73qIT6s=",
      "mscorlib.dll": "sha256-PiwTa357RhLYeiblWul0YKSvCRdSb7PxUZEF0HemqK0=",
      "Newtonsoft.Json.dll": "sha256-8+aWlQshkso8ei8xp5J0gn4ZNGRYRMqXzI+osKzgVYI=",
      "OneOf.dll": "sha256-JQ6lHtdX+tyw8S+gQJlA23Xq0UgnlU6iXH7NhUa4t8U=",
      "System.Core.dll": "sha256-OiNqFcMquQESoGNA4FFI1rsH6Ji2Rpkv1vn37K0Ppfs=",
      "System.Data.dll": "sha256-PF4kJTECt\/rto1himlaDJL\/mQLNRE2aAKUak3e2EXbs=",
      "System.dll": "sha256-d9SHqZ+mBnkf4CiRq3c7v4ujTvM3HC9kYByx3v5eAZY=",
      "System.Net.Http.dll": "sha256-W8Xe135EQ5OtT3M6MxGiLqMrMro47yN0lX\/Qnz6hMMY=",
      "System.Net.Http.WebAssemblyHttpHandler.dll": "sha256-\/pdkM6fOm0c7J7bZ16Opvq8aMYAOaIxtEybbq1r+HpA=",
      "System.Numerics.dll": "sha256-v8QQfqw\/GkgtdSqbarXZRCqRq+oiSN2JHdMbEvfW36c=",
      "System.Runtime.CompilerServices.Unsafe.dll": "sha256-uMbgi4K0ua6ZL1ZqwgTAQXUxb+G6yPkpKE6AHRAq7v4=",
      "System.Runtime.Serialization.dll": "sha256-aOXzF8uvrJhVmTYtaD\/lFwqG8bCGHqVXgod0z18GzfU=",
      "System.Text.Encodings.Web.dll": "sha256-upS+IBi5lJc9jgyl1+HhL9dpppzGzMVylUd7EuVyQMQ=",
      "System.Text.Json.dll": "sha256-iPd2sdsGnanY5\/rgQ1\/0fcyTpcfOP3o0+gkKLrVXT\/o=",
      "System.Xml.dll": "sha256-m6xY5k+vnSvTRq7AoXkLY5ROqtiaiVmN8WrVIZwEbws=",
      "System.Xml.Linq.dll": "sha256-0ZMAHqEZtskXyOPPlyXQnrsX11Df\/11oUbPHfUOx9Yw=",
      "WebAssembly.Bindings.dll": "sha256-pyrJ72pkC2HxfNn1DtQPzgAhkN0sfxndzHVJP\/O6J3U="
    },
    "pdb": null,
    "runtime": {
      "dotnet.3.2.0.js": "sha256-mPoqx7XczFHBWk3gRNn0hc9ekG1OvkKY4XiKRY5Mj5U=",
      "dotnet.timezones.dat": "sha256-3S0qzYaBEKOBXarzVLNzNAFXlwJr6nI3lFlYUpQTPH8=",
      "dotnet.wasm": "sha256-UC\/3Rm1NkdNdlIrzYARo+dO\/HDlS5mhPxo0IQv7kma8="
    },
    "satelliteResources": null
  }
}